iso3,year,g_whoregion,newrel_coh,newrel_succ,newrel_fail,newrel_died,c_newrel_neval,c_new_tsr
DEU,2010,Europe,845,696,149,9,29,95
FRA,2000,Europe,696,525,171,10,14,90
USA,2010,Americas,269,239,30,1,17,91
IND,2000,South-East Asia,385,296,89,7,20,92
BRA,2000,Americas,886,759,127,23,22,94
DEU,2010,Europe,654,500,154,16,15,93
PAK,2000,South-East Asia,140,121,19,2,16,87
AUS,2010,Western Pacific,676,479,197,30,10,87
FRA,2010,Europe,557,431,126,15,28,88
AUS,2010,Western Pacific,840,652,188,19,14,87
AUS,2000,Western Pacific,110,77,33,4,29,92
BRA,2000,Americas,506,404,102,13,18,89
NGA,2010,Africa,902,749,153,21,27,91
ZAF,2010,Africa,207,163,44,6,23,87
AUS,2010,Western Pacific,632,492,140,21,30,90
FRA,2000,Europe,116,95,21,3,14,92
FRA,2000,Europe,745,643,102,12,27,95
FRA,2010,Europe,775,616,159,30,25,95
FRA,2000,Europe,863,694,169,16,15,89
AUS,2000,Western Pacific,940,807,133,12,13,92
IND,2000,South-East Asia,918,697,221,34,21,85
NGA,2000,Africa,138,123,15,0,28,92
ZAF,2010,Africa,650,523,127,22,10,89
USA,2010,Americas,744,645,99,14,21,86
NGA,2010,Africa,485,391,94,16,22,91
USA,2000,Americas,647,525,122,11,10,86
ZAF,2010,Africa,143,103,40,7,25,90
ZAF,2010,Africa,584,481,103,12,24,90
IND,2000,South-East Asia,384,344,40,4,16,92
DEU,2010,Europe,565,506,59,8,29,86
IND,2010,South-East Asia,232,177,55,5,24,93
USA,2000,Americas,497,360,137,14,11,95
USA,2000,Americas,775,639,136,18,29,88
NGA,2010,Africa,492,435,57,6,25,95
DEU,2010,Europe,361,290,71,13,17,89
USA,2000,Americas,744,555,189,25,28,87
AUS,2010,Western Pacific,495,396,99,16,27,89
USA,2010,Americas,300,254,46,5,25,90
PAK,2000,South-East Asia,497,367,130,24,17,91
CHN,2010,Western Pacific,784,690,94,13,20,88
FRA,2000,Europe,974,769,205,37,14,95
USA,2010,Americas,583,494,89,17,15,90
NGA,2000,Africa,256,186,70,11,17,90
PAK,2010,South-East Asia,149,111,38,2,30,86
IND,2010,South-East Asia,691,559,132,7,14,91
DEU,2000,Europe,550,429,121,13,24,88
NGA,2000,Africa,802,636,166,17,15,91
FRA,2000,Europe,469,410,59,3,27,91
AUS,2000,Western Pacific,610,474,136,16,26,94
CHN,2000,Western Pacific,195,140,55,4,22,86
PAK,2000,South-East Asia,977,768,209,28,26,86
PAK,2010,South-East Asia,799,647,152,20,13,94
DEU,2000,Europe,926,697,229,15,22,88
DEU,2010,Europe,492,423,69,11,28,85
IND,2010,South-East Asia,214,155,59,11,28,89
PAK,2010,South-East Asia,138,103,35,3,25,89
AUS,2010,Western Pacific,866,686,180,31,15,95
DEU,2010,Europe,463,397,66,12,27,89
IND,2000,South-East Asia,341,289,52,2,14,91
NGA,2010,Africa,416,319,97,16,11,86
NGA,2010,Africa,934,759,175,28,25,88
USA,2010,Americas,478,346,132,14,22,87
DEU,2010,Europe,727,597,130,8,27,93
ZAF,2000,Africa,646,544,102,19,30,95
AUS,2000,Western Pacific,938,662,276,29,26,92
ZAF,2000,Africa,200,165,35,4,13,89
FRA,2000,Europe,436,385,51,4,15,90
ZAF,2010,Africa,373,272,101,6,18,88
DEU,2010,Europe,528,371,157,13,15,86
NGA,2000,Africa,583,462,121,23,11,85
NGA,2000,Africa,558,422,136,21,14,92
CHN,2000,Western Pacific,170,142,28,1,15,91
CHN,2000,Western Pacific,372,314,58,8,29,86
AUS,2010,Western Pacific,468,410,58,5,19,95
USA,2000,Americas,441,380,61,4,16,85
FRA,2000,Europe,619,543,76,5,14,95
CHN,2010,Western Pacific,732,598,134,13,30,93
PAK,2000,South-East Asia,785,683,102,8,27,94
AUS,2000,Western Pacific,617,527,90,17,17,92
PAK,2010,South-East Asia,110,87,23,3,19,85
BRA,2000,Americas,239,175,64,11,11,91
PAK,2000,South-East Asia,644,545,99,17,25,92
USA,2000,Americas,737,570,167,10,15,85
ZAF,2010,Africa,901,804,97,6,17,85
AUS,2010,Western Pacific,884,640,244,34,20,94
DEU,2010,Europe,944,681,263,37,21,85
PAK,2000,South-East Asia,209,151,58,8,25,91
PAK,2010,South-East Asia,775,584,191,15,27,86
IND,2010,South-East Asia,322,237,85,14,26,86
FRA,2000,Europe,685,584,101,16,17,93
NGA,2000,Africa,296,242,54,6,10,95
NGA,2000,Africa,972,777,195,26,22,91
ZAF,2000,Africa,950,762,188,35,20,90
IND,2010,South-East Asia,382,322,60,8,16,95
PAK,2000,South-East Asia,122,101,21,3,21,91
BRA,2000,Americas,661,464,197,28,21,95
PAK,2000,South-East Asia,422,303,119,20,26,87
DEU,2000,Europe,760,570,190,35,21,94
ZAF,2010,Africa,962,739,223,31,14,87
PAK,2010,South-East Asia,382,274,108,13,23,92
DEU,2000,Europe,159,137,22,1,10,87
CHN,2000,Western Pacific,324,267,57,7,12,86
FRA,2000,Europe,809,593,216,13,25,90
BRA,2000,Americas,515,436,79,7,27,88
ZAF,2000,Africa,151,128,23,2,26,86
PAK,2000,South-East Asia,139,99,40,5,21,85
DEU,2010,Europe,708,523,185,27,13,91
AUS,2000,Western Pacific,926,685,241,16,21,87
USA,2010,Americas,313,249,64,6,28,90
PAK,2000,South-East Asia,465,375,90,7,21,89
CHN,2000,Western Pacific,145,104,41,3,21,85
NGA,2000,Africa,474,357,117,16,26,92
PAK,2000,South-East Asia,291,206,85,11,10,90
PAK,2000,South-East Asia,199,168,31,2,13,93
ZAF,2000,Africa,820,663,157,14,20,93
DEU,2010,Europe,188,138,50,2,30,88
AUS,2010,Western Pacific,849,720,129,13,16,91
AUS,2010,Western Pacific,150,124,26,4,30,95
USA,2010,Americas,847,704,143,9,22,91
USA,2000,Americas,865,725,140,12,12,85
DEU,2010,Europe,468,409,59,6,18,88
BRA,2000,Americas,209,162,47,5,16,92
CHN,2000,Western Pacific,643,528,115,20,25,93
USA,2010,Americas,485,420,65,12,30,94
AUS,2010,Western Pacific,793,619,174,32,13,89
USA,2000,Americas,978,743,235,20,29,86
DEU,2010,Europe,661,533,128,14,20,90
USA,2010,Americas,972,871,101,18,18,85
NGA,2000,Africa,244,179,65,4,13,95
CHN,2000,Western Pacific,260,231,29,2,21,91
NGA,2000,Africa,103,86,17,0,25,85
CHN,2010,Western Pacific,338,270,68,9,24,91
PAK,2010,South-East Asia,543,393,150,29,14,93
IND,2000,South-East Asia,941,726,215,13,15,91
ZAF,2000,Africa,215,170,45,2,30,94
USA,2010,Americas,728,560,168,33,18,93
USA,2010,Americas,121,107,14,2,29,91
PAK,2010,South-East Asia,431,359,72,5,23,86
NGA,2000,Africa,552,410,142,21,24,90
FRA,2010,Europe,952,686,266,27,20,94
BRA,2000,Americas,813,659,154,10,27,88
IND,2000,South-East Asia,120,103,17,0,13,95
DEU,2010,Europe,653,582,71,7,19,95
DEU,2000,Europe,350,268,82,8,28,90
IND,2000,South-East Asia,825,742,83,8,20,93
ZAF,2000,Africa,518,382,136,8,30,88
PAK,2000,South-East Asia,686,521,165,12,16,91
DEU,2010,Europe,946,671,275,40,16,93
IND,2010,South-East Asia,660,486,174,21,12,91
IND,2000,South-East Asia,334,281,53,3,20,85
ZAF,2000,Africa,523,468,55,4,12,93
ZAF,2000,Africa,331,279,52,4,19,93
ZAF,2000,Africa,531,406,125,14,17,94
ZAF,2000,Africa,444,313,131,11,11,94
PAK,2010,South-East Asia,684,589,95,14,23,89
CHN,2010,Western Pacific,462,360,102,11,12,85
BRA,2010,Americas,213,161,52,8,11,88
DEU,2000,Europe,405,290,115,10,18,92
DEU,2000,Europe,266,192,74,5,28,90
ZAF,2010,Africa,228,162,66,4,11,92
IND,2000,South-East Asia,787,648,139,19,18,86
IND,2000,South-East Asia,533,467,66,11,18,92
IND,2000,South-East Asia,675,511,164,18,27,88
USA,2000,Americas,797,616,181,15,22,87
FRA,2000,Europe,541,474,67,8,27,91
DEU,2000,Europe,170,135,35,4,28,93
CHN,2000,Western Pacific,659,489,170,21,10,86
IND,2010,South-East Asia,562,433,129,12,26,95
PAK,2000,South-East Asia,125,91,34,5,27,93
CHN,2010,Western Pacific,223,156,67,5,23,89
FRA,2010,Europe,177,137,40,7,23,92
USA,2000,Americas,351,300,51,3,15,94
FRA,2000,Europe,336,240,96,6,12,89
NGA,2000,Africa,364,327,37,4,23,94
CHN,2010,Western Pacific,168,143,25,1,27,93
USA,2010,Americas,363,289,74,11,26,94
AUS,2010,Western Pacific,454,322,132,7,15,90
NGA,2010,Africa,274,212,62,4,11,95
IND,2000,South-East Asia,341,294,47,7,14,90
CHN,2010,Western Pacific,306,264,42,4,18,93
DEU,2010,Europe,226,170,56,5,20,93
NGA,2000,Africa,436,309,127,14,15,94
ZAF,2000,Africa,911,653,258,24,23,91
NGA,2010,Africa,664,560,104,11,28,95
PAK,2000,South-East Asia,670,582,88,10,26,93
USA,2000,Americas,758,628,130,25,29,89
AUS,2010,Western Pacific,253,218,35,1,16,91
DEU,2010,Europe,503,364,139,26,27,93
PAK,2010,South-East Asia,649,569,80,4,11,85
BRA,2010,Americas,649,544,105,20,12,88
CHN,2010,Western Pacific,897,680,217,19,15,89
CHN,2010,Western Pacific,780,578,202,36,21,85
BRA,2010,Americas,320,250,70,11,12,91
FRA,2000,Europe,324,237,87,13,27,93
DEU,2000,Europe,256,203,53,3,30,88
CHN,2010,Western Pacific,886,724,162,32,18,86
FRA,2000,Europe,432,365,67,13,19,89
PAK,2010,South-East Asia,178,147,31,4,13,92
ZAF,2010,Africa,815,718,97,11,24,93
PAK,2000,South-East Asia,677,503,174,23,23,95
USA,2000,Americas,760,593,167,32,20,90
ZAF,2010,Africa,209,184,25,2,10,93
FRA,2000,Europe,130,95,35,6,20,87
FRA,2010,Europe,677,571,106,9,13,85
IND,2010,South-East Asia,310,256,54,8,24,95
PAK,2010,South-East Asia,773,609,164,25,22,89
ZAF,2000,Africa,918,652,266,25,11,91
IND,2000,South-East Asia,686,572,114,12,28,93
DEU,2010,Europe,596,474,122,13,17,89
DEU,2010,Europe,166,131,35,5,29,95
PAK,2000,South-East Asia,428,379,49,5,18,90
DEU,2010,Europe,831,678,153,21,28,95
ZAF,2000,Africa,733,614,119,6,18,89
ZAF,2000,Africa,560,467,93,13,10,89
PAK,2010,South-East Asia,747,657,90,12,17,93
FRA,2000,Europe,915,656,259,44,14,86
NGA,2000,Africa,265,198,67,11,20,87
USA,2000,Americas,241,180,61,5,16,93
BRA,2010,Americas,285,252,33,5,30,88
USA,2000,Americas,229,194,35,1,22,88
CHN,2010,Western Pacific,190,164,26,5,28,94
DEU,2010,Europe,378,316,62,9,30,92
PAK,2010,South-East Asia,955,694,261,28,28,92
PAK,2010,South-East Asia,740,638,102,7,13,86
BRA,2010,Americas,220,179,41,6,17,91
CHN,2010,Western Pacific,952,791,161,12,22,95
ZAF,2000,Africa,270,235,35,6,29,93
ZAF,2000,Africa,213,188,25,2,10,86
IND,2010,South-East Asia,348,301,47,7,25,89
FRA,2000,Europe,528,370,158,27,16,91
AUS,2010,Western Pacific,371,312,59,7,12,92
AUS,2010,Western Pacific,747,610,137,18,24,86
DEU,2000,Europe,193,146,47,7,25,87
PAK,2000,South-East Asia,428,344,84,14,15,93
DEU,2000,Europe,971,864,107,17,14,95
AUS,2010,Western Pacific,816,681,135,18,28,87
FRA,2010,Europe,465,336,129,21,27,94
FRA,2000,Europe,785,597,188,37,30,88
PAK,2010,South-East Asia,943,831,112,22,18,86
FRA,2010,Europe,834,727,107,12,11,91
USA,2010,Americas,248,192,56,6,23,90
DEU,2010,Europe,790,583,207,17,22,87
CHN,2000,Western Pacific,122,88,34,2,23,91
USA,2000,Americas,649,518,131,11,28,92
USA,2010,Americas,987,769,218,35,27,90
PAK,2010,South-East Asia,177,134,43,5,18,94
NGA,2000,Africa,587,436,151,11,13,89
IND,2010,South-East Asia,203,175,28,2,11,92
IND,2000,South-East Asia,425,327,98,16,18,90
IND,2010,South-East Asia,482,342,140,22,20,88
USA,2010,Americas,324,258,66,6,27,95
NGA,2010,Africa,815,683,132,14,11,85
ZAF,2000,Africa,848,755,93,12,27,87
DEU,2000,Europe,649,492,157,18,18,90
FRA,2010,Europe,769,563,206,14,13,94
IND,2010,South-East Asia,763,645,118,14,23,91
PAK,2010,South-East Asia,664,518,146,10,19,91
CHN,2010,Western Pacific,797,608,189,21,24,94
ZAF,2010,Africa,127,109,18,1,16,88
ZAF,2000,Africa,652,517,135,11,22,85
ZAF,2010,Africa,631,478,153,14,21,90
FRA,2010,Europe,114,81,33,3,24,89
ZAF,2000,Africa,284,225,59,11,25,85
IND,2010,South-East Asia,686,482,204,28,20,95
DEU,2000,Europe,521,452,69,9,19,85
DEU,2000,Europe,389,316,73,8,18,94
NGA,2010,Africa,612,494,118,9,22,86
USA,2000,Americas,702,604,98,13,23,94
ZAF,2000,Africa,556,410,146,26,29,87
CHN,2010,Western Pacific,916,645,271,43,17,85
PAK,2000,South-East Asia,839,603,236,39,24,89
CHN,2000,Western Pacific,780,664,116,17,28,91
AUS,2010,Western Pacific,149,122,27,4,14,94
NGA,2000,Africa,646,532,114,13,10,95
FRA,2000,Europe,748,617,131,23,20,86
ZAF,2010,Africa,644,562,82,15,29,95
AUS,2000,Western Pacific,583,438,145,18,24,86
PAK,2010,South-East Asia,121,90,31,1,15,88
PAK,2010,South-East Asia,438,377,61,4,13,94
DEU,2010,Europe,738,548,190,13,18,86
USA,2000,Americas,852,719,133,21,28,86
PAK,2000,South-East Asia,832,634,198,31,20,85
NGA,2000,Africa,295,224,71,9,20,94
FRA,2010,Europe,632,547,85,13,21,89
ZAF,2000,Africa,260,194,66,6,20,88
BRA,2000,Americas,159,132,27,2,27,86
AUS,2000,Western Pacific,559,469,90,10,28,93
ZAF,2000,Africa,217,156,61,6,17,95
CHN,2000,Western Pacific,150,119,31,5,20,90
DEU,2010,Europe,456,325,131,12,17,88
USA,2010,Americas,934,821,113,10,14,92
CHN,2000,Western Pacific,252,211,41,2,10,92
USA,2000,Americas,874,764,110,17,12,92
NGA,2000,Africa,864,684,180,34,23,88
DEU,2000,Europe,146,104,42,6,13,87
NGA,2010,Africa,522,409,113,12,27,93
ZAF,2010,Africa,864,775,89,13,26,91
PAK,2010,South-East Asia,764,681,83,9,22,91
CHN,2010,Western Pacific,682,570,112,8,30,90
AUS,2010,Western Pacific,740,572,168,32,27,89
