id,name,value,type,strength,timestamp
1,Asia GDP Growth,92,A,82,2024-03-31
2,Africa Unemployment Rate,76,B,69,2024-06-07
3,Europe Population Increase,42,C,63,2024-06-04
4,Asia Population Increase,79,A,61,2024-03-21
5,Australia Export Growth,17,D,74,2024-11-15
6,Africa Urbanization Rate,92,B,92,2024-02-08
7,Australia Tourism Increase,67,D,75,2024-10-12
8,Africa Inflation Rate,98,B,70,2024-09-26
9,Asia Renewable Energy Use,64,A,83,2024-07-10
10,Europe Renewable Energy Use,76,C,62,2024-04-05
11,Australia Deforestation Rate,29,D,85,2024-08-14
12,Africa Literacy Rate,12,B,57,2024-10-23
13,Asia CO2 Emission Reduction,48,A,92,2024-03-01
14,Europe Forest Area Growth,94,C,92,2024-11-22
15,Europe Clean Water Access,20,C,51,2024-08-02
16,Europe Electric Vehicle Adoption,11,C,70,2024-10-30
17,Asia Poverty Reduction,51,A,89,2024-11-07
18,Australia Fisheries Yield,16,D,61,2024-02-08
19,Asia Agriculture Productivity,47,A,77,2024-09-16
20,Asia Urbanization Rate,71,A,52,2024-06-07
21,Asia Renewable Energy Capacity,56,A,72,2024-02-06
22,Europe GDP Growth,27,C,53,2024-09-14
23,Australia Economic Growth,91,D,96,2024-05-24
24,Africa Renewable Energy Capacity,40,B,77,2024-06-04
25,Africa Fertility Rate,23,B,71,2024-03-12
26,Australia Healthcare Access,74,D,71,2024-11-27
27,Africa Agricultural Land Use,37,B,86,2024-10-27
28,Asia Export Increase,83,A,59,2023-12-11
29,Europe Digital Transformation,72,C,96,2024-08-14
30,Asia Internet Users Growth,55,A,56,2024-09-09
31,Australia Education Access,100,D,50,2024-11-10
32,Europe Infrastructure Projects,55,C,98,2024-08-10
33,Asia EV Market Share,77,A,96,2024-08-06
34,Australia Agricultural Exports,39,D,68,2024-05-15
35,Europe Renewable Energy Projects,88,C,55,2024-02-05
36,Europe Manufacturing Growth,63,C,91,2024-02-02
37,Asia Industrial Output,60,A,74,2024-10-28
38,Africa Digital Transformation,16,B,51,2024-09-23
39,Africa CO2 Emission Reduction,79,B,50,2024-04-05
40,Asia Fertility Rate,11,A,68,2024-09-19
41,Africa Access to Clean Energy,20,B,94,2024-07-10
42,Asia Export Growth,65,A,96,2024-09-22
43,Asia Access to Education,33,A,50,2023-12-05
44,Asia Urban Planning,43,A,81,2024-09-30
45,Europe Financial Growth,87,C,52,2024-02-27
46,Australia Renewable Energy Projects,78,D,58,2024-04-19
47,Europe CO2 Emission Reduction,70,C,82,2024-05-11
48,Australia Tourism Investments,73,D,68,2024-01-27
49,Australia Fisheries Management,44,D,67,2024-04-04
50,Australia EV Market Development,84,D,67,2024-11-24
